{
  "top10_share": 0.4731102412911473,
  "recipient_hhi": 0.06217054595917026
}