year,sdg15_score
2020,0.0016295962817788727
2021,0.0015884639921313027
2022,0.0016161234741986778
2023,0.001591111573575377
